{"frames":{"frameName1459352291065.png":{"frame":{"x":0,"y":0,"w":640,"h":1005},"spriteSourceSize":{"x":0,"y":0,"w":640,"h":1005},"sourceSize":{"w":640,"h":1005}},"frameName1459352291066.png":{"frame":{"x":640,"y":0,"w":640,"h":1005},"spriteSourceSize":{"x":0,"y":0,"w":640,"h":1005},"sourceSize":{"w":640,"h":1005}},"frameName1459352291067.png":{"frame":{"x":1280,"y":0,"w":640,"h":1005},"spriteSourceSize":{"x":0,"y":0,"w":640,"h":1005},"sourceSize":{"w":640,"h":1005}},"frameName1459352291068.png":{"frame":{"x":1920,"y":0,"w":640,"h":1005},"spriteSourceSize":{"x":0,"y":0,"w":640,"h":1005},"sourceSize":{"w":640,"h":1005}},"frameName1459352291069.png":{"frame":{"x":2560,"y":0,"w":640,"h":1005},"spriteSourceSize":{"x":0,"y":0,"w":640,"h":1005},"sourceSize":{"w":640,"h":1005}},"frameName1459352291070.png":{"frame":{"x":3200,"y":0,"w":640,"h":1005},"spriteSourceSize":{"x":0,"y":0,"w":640,"h":1005},"sourceSize":{"w":640,"h":1005}},"frameName1459352291071.png":{"frame":{"x":3840,"y":0,"w":640,"h":1005},"spriteSourceSize":{"x":0,"y":0,"w":640,"h":1005},"sourceSize":{"w":640,"h":1005}},"frameName1459352291072.png":{"frame":{"x":4480,"y":0,"w":640,"h":1005},"spriteSourceSize":{"x":0,"y":0,"w":640,"h":1005},"sourceSize":{"w":640,"h":1005}}},"meta":{"image":"_1459352346227_6.png","size":{"w":0,"h":0},"scale":1}}